{
  "success":true,
  "terms":"https:\/\/currencylayer.com\/terms",
  "privacy":"https:\/\/currencylayer.com\/privacy",
  "timestamp":1453410668,
  "source":"USD",
  "quotes":{
    "USDAED":3.67295,
    "USDAFN":68.589996,
    "USDALL":126.799502,
    "USDAMD":485.690002,
    "USDANG":1.789781,
    "USDAOA":155.514999,
    "USDARS":13.53195,
    "USDAUD":1.425232,
    "USDAWG":1.79,
    "USDAZN":1.59725,
    "USDBAM":1.796398,
    "USDBBD":2,
    "USDBDT":78.584953,
    "USDBGN":1.7992,
    "USDBHD":0.37655,
    "USDBIF":1571,
    "USDBMD":0.99995,
    "USDBND":1.43295,
    "USDBOB":6.901534,
    "USDBRL":4.15785,
    "USDBSD":1.000325,
    "USDBTC":0.002455,
    "USDBTN":67.959999,
    "USDBWP":11.66545,
    "USDBYR":21950,
    "USDBZD":1.995015,
    "USDCAD":1.427395,
    "USDCDF":928.505159,
    "USDCHF":1.006545,
    "USDCLF":0.024601,
    "USDCLP":725.155029,
    "USDCNY":6.57925,
    "USDCOP":3320.25,
    "USDCRC":534.501765,
    "USDCUC":1.00583,
    "USDCUP":1.000106,
    "USDCVE":101.324501,
    "USDCZK":24.846001,
    "USDDJF":177.634995,
    "USDDKK":6.856297,
    "USDDOP":45.619999,
    "USDDZD":107.364998,
    "USDEEK":14.343983,
    "USDEGP":7.828802,
    "USDERN":16.180098,
    "USDETB":21.235503,
    "USDEUR":0.918864,
    "USDFJD":2.18435,
    "USDFKP":0.663196,
    "USDGBP":0.702252,
    "USDGEL":2.449722,
    "USDGGP":0.69844,
    "USDGHS":4.000354,
    "USDGIP":0.704803,
    "USDGMD":39.580002,
    "USDGNF":7777.450195,
    "USDGTQ":7.636498,
    "USDGYD":207.210007,
    "USDHKD":7.82161,
    "USDHNL":22.490101,
    "USDHRK":7.045303,
    "USDHTG":58.462697,
    "USDHUF":288.964996,
    "USDIDR":13840,
    "USDILS":3.97395,
    "USDIMP":0.69845,
    "USDINR":67.855003,
    "USDIQD":1107.099976,
    "USDIRR":30181.000166,
    "USDISK":129.964996,
    "USDJEP":0.69833,
    "USDJMD":120.525002,
    "USDJOD":0.708996,
    "USDJPY":117.773003,
    "USDKES":102.294502,
    "USDKGS":75.879997,
    "USDKHR":4054.949951,
    "USDKMF":451.864746,
    "USDKPW":899.999994,
    "USDKRW":1204.045044,
    "USDKWD":0.30449,
    "USDKYD":0.819821,
    "USDKZT":385.324951,
    "USDLAK":8144.950195,
    "USDLBP":1510.249609,
    "USDLKR":144.124978,
    "USDLRD":84.660004,
    "USDLSL":16.56625,
    "USDLTL":3.048701,
    "USDLVL":0.62055,
    "USDLYD":1.38035,
    "USDMAD":9.90495,
    "USDMDL":20.52585,
    "USDMGA":3207.449951,
    "USDMKD":56.549999,
    "USDMMK":1301.650024,
    "USDMNT":2002.999805,
    "USDMOP":8.055599,
    "USDMRO":343.000096,
    "USDMUR":36.099998,
    "USDMVR":15.319547,
    "USDMWK":709.10498,
    "USDMXN":18.768749,
    "USDMYR":4.35305,
    "USDMZN":45.450001,
    "USDNAD":16.56625,
    "USDNGN":199.050003,
    "USDNIO":28.006599,
    "USDNOK":8.7781,
    "USDNPR":108.736049,
    "USDNZD":1.52631,
    "USDOMR":0.384983,
    "USDPAB":1.00022,
    "USDPEN":3.44945,
    "USDPGK":3.01815,
    "USDPHP":47.919498,
    "USDPKR":104.934998,
    "USDPLN":4.129017,
    "USDPYG":5943.435059,
    "USDQAR":3.64165,
    "USDRON":4.1617,
    "USDRSD":112.839996,
    "USDRUB":82.634499,
    "USDRWF":754.549988,
    "USDSAR":3.75325,
    "USDSBD":8.22424,
    "USDSCR":12.72395,
    "USDSDG":6.1078,
    "USDSEK":8.552023,
    "USDSGD":1.433031,
    "USDSHP":0.704799,
    "USDSLL":4117.000364,
    "USDSOS":614.950012,
    "USDSRD":4.000569,
    "USDSTD":22473.5,
    "USDSVC":8.726956,
    "USDSYP":219.919998,
    "USDSZL":16.56625,
    "USDTHB":36.191002,
    "USDTJS":7.596302,
    "USDTMT":3.5,
    "USDTND":2.03855,
    "USDTOP":2.247534,
    "USDTRY":3.017004,
    "USDTTD":6.44445,
    "USDTWD":33.624001,
    "USDTZS":2188.699951,
    "USDUAH":24.8504,
    "USDUGX":3464.999589,
    "USDUSD":1,
    "USDUYU":30.969999,
    "USDUZS":2816.469971,
    "USDVEF":6.350254,
    "USDVND":22400,
    "USDVUV":115.584999,
    "USDWST":2.649055,
    "USDXAF":602.486328,
    "USDXAG":0.070847,
    "USDXAU":0.000908,
    "USDXCD":2.718493,
    "USDXDR":0.72385,
    "USDXOF":602.486328,
    "USDXPF":109.604301,
    "USDYER":215.050003,
    "USDZAR":16.572299,
    "USDZMK":5156.099823,
    "USDZMW":11.22991,
    "USDZWL":322.355011
  }
}